{
    "keep": {
        "days": true,
        "amount": 14
    },
    "auditLog": "src\\logs\\success\\.2b4ee228c17c59d3616cd3fd9607f0c2c4b9b789-audit.json",
    "files": [
        {
            "date": 1740390337113,
            "name": "src\\logs\\success\\success-2025-02-24-15-45.log",
            "hash": "26b854ba090b81c22cc3fb5d34839b2cb85225dbb5dd36df7b8f94f95bc9364a"
        },
        {
            "date": 1740390546890,
            "name": "src\\logs\\success\\success-2025-02-24-15-49.log",
            "hash": "090d4ce366ad76338c8671a8e24b0b94ba269b80c037607a059bf3bb6f44f5e0"
        },
        {
            "date": 1740390729505,
            "name": "src\\logs\\success\\success-2025-02-24-15-52.log",
            "hash": "61601cba8309b47b9c188e904d63cc6581a4c59185cd7a827f39a8700a5c6d00"
        },
        {
            "date": 1740390892137,
            "name": "src\\logs\\success\\success-2025-02-24-15-54.log",
            "hash": "648db270d5087230c269a2c8a04f046324ef9155c60413e3bcb094440d98b02b"
        },
        {
            "date": 1740390902218,
            "name": "src\\logs\\success\\success-2025-02-24-15-55.log",
            "hash": "52e1f3bf2fe4b7f7ed380e09f242bd35cf1add9471169b89d51dfde18a31888d"
        },
        {
            "date": 1740390988320,
            "name": "src\\logs\\success\\success-2025-02-24-15-56.log",
            "hash": "c62a7a29ac71c02dc78ad2e6e6a4c1ecbcb79fe1dc5648b21980d459bb413fe5"
        },
        {
            "date": 1740391021624,
            "name": "src\\logs\\success\\success-2025-02-24-15-57.log",
            "hash": "041ed2d816f99721ce652047493be2f2cd6416a8e4c2764dca7516daa92dbfc9"
        },
        {
            "date": 1740391352942,
            "name": "src\\logs\\success\\success-2025-02-24-16-02.log",
            "hash": "3fa8c552e72f1df5b684917a4dcb4997bbbae229281e130f5dbf12bce19cb76e"
        },
        {
            "date": 1740391457088,
            "name": "src\\logs\\success\\success-2025-02-24-16-04.log",
            "hash": "64f5e3c7b577841ddb5feb1ad5c5288c2e35922692f7a28869c756208183e94e"
        },
        {
            "date": 1740391515127,
            "name": "src\\logs\\success\\success-2025-02-24-16-05.log",
            "hash": "4665d1ae291e2679aeff83c0865cd27f23f804310cb8029d5d575e871aa5b05b"
        },
        {
            "date": 1740391639433,
            "name": "src\\logs\\success\\success-2025-02-24-16-07.log",
            "hash": "b74a3d707af0922cc87fe80c5ed0ee59503f92175aca3b89d03a761956f8ee68"
        },
        {
            "date": 1740392856422,
            "name": "src\\logs\\success\\success-2025-02-24-16-27.log",
            "hash": "f615a1cf81ef95e51f7e4e48a9da1a47136c472b4390e4fd5eccd119580dfcf3"
        }
    ],
    "hashType": "sha256"
}