{
    "keep": {
        "days": true,
        "amount": 14
    },
    "auditLog": "src\\logs\\error\\.50ee52f104fb457b487eba372ed482fbd6005cd0-audit.json",
    "files": [
        {
            "date": 1740390337146,
            "name": "src\\logs\\error\\error-2025-02-24-15-45.log",
            "hash": "95fde1304934a6558fb89f6e4dce57173fc4896514f41ee995a1674ec11751dc"
        },
        {
            "date": 1740390367410,
            "name": "src\\logs\\error\\error-2025-02-24-15-46.log",
            "hash": "ba3baf1bf96f0420ed47c812505d3a4d3b7d50d326d6a160d9bdaee0dc930d50"
        },
        {
            "date": 1740390546894,
            "name": "src\\logs\\error\\error-2025-02-24-15-49.log",
            "hash": "4336aa84b50e995bf3335f316b7c8ea3cec31191873f32a72c41149a82896660"
        },
        {
            "date": 1740390648993,
            "name": "src\\logs\\error\\error-2025-02-24-15-50.log",
            "hash": "54a141d5fbd0c7ba47b1c7473166b5cd87d4fa4dd034d8191f9c5c4f5fa13484"
        },
        {
            "date": 1740390729510,
            "name": "src\\logs\\error\\error-2025-02-24-15-52.log",
            "hash": "446590529af14353b2571a1821cd68f62fea22c9c72d99df3c707e2a0363c532"
        },
        {
            "date": 1740390892141,
            "name": "src\\logs\\error\\error-2025-02-24-15-54.log",
            "hash": "3513ad0f9fe198e53425fa9a2a9f4a10a91041f0d5d214083d7f61d1cd388fa5"
        },
        {
            "date": 1740390902225,
            "name": "src\\logs\\error\\error-2025-02-24-15-55.log",
            "hash": "6e08638738d5f1afb8f214765a85d46d56c43caa96d1d853ec15dd0fe1da3eb1"
        },
        {
            "date": 1740390988332,
            "name": "src\\logs\\error\\error-2025-02-24-15-56.log",
            "hash": "3ea2f3fd50ba939bf991373aaf690ce6a1fe768c0ff74549eece48503ee7ef8b"
        },
        {
            "date": 1740391352946,
            "name": "src\\logs\\error\\error-2025-02-24-16-02.log",
            "hash": "8e5162d9f49bf8b45072855c033bf59f90c75a0a52df1e383af430900bc16114"
        },
        {
            "date": 1740391457093,
            "name": "src\\logs\\error\\error-2025-02-24-16-04.log",
            "hash": "83148942de82b5c17e5055d8f3b22dc7b116508610c36dfe0747a6688cdd9352"
        },
        {
            "date": 1740391515134,
            "name": "src\\logs\\error\\error-2025-02-24-16-05.log",
            "hash": "a00411f334c668590a585de161e17c47eb59ec9be773c87fcd3fe854342a69cb"
        },
        {
            "date": 1740391639438,
            "name": "src\\logs\\error\\error-2025-02-24-16-07.log",
            "hash": "0e37aa2b3fa447e7eafb3a371de1d1b6391caeee1fc4ced661806339f0592d24"
        },
        {
            "date": 1740392101597,
            "name": "src\\logs\\error\\error-2025-02-24-16-15.log",
            "hash": "f88a20d3454769b0b1f6d545d970465faee1c23a85aa2bb565ecb09e00f530ab"
        },
        {
            "date": 1740392205221,
            "name": "src\\logs\\error\\error-2025-02-24-16-16.log",
            "hash": "cef7b249090128ae1ab2c2b1953353bff35329daba5feeb4f6d15d46c08d88db"
        },
        {
            "date": 1740392856426,
            "name": "src\\logs\\error\\error-2025-02-24-16-27.log",
            "hash": "46a18643d7dad9d5462599a5ab0b330bbaaa2493839c520cf91487c59d379345"
        }
    ],
    "hashType": "sha256"
}